state_id,Year,min_wage
0,1968,8.55
0,1969,8.11
0,1970,8.67
0,1971,8.3
0,1972,9.9
0,1973,9.32
0,1974,8.39
0,1975,7.69
0,1976,10.0
0,1977,9.39
0,1978,8.73
0,1979,10.33
0,1980,9.73
0,1981,9.53
0,1982,8.98
0,1983,8.7
0,1984,8.34
0,1985,8.05
0,1986,7.91
0,1987,7.63
0,1988,7.32
0,1989,6.99
0,1990,6.63
0,1991,7.22
0,1992,7.84
0,1993,7.61
0,1994,7.42
0,1995,7.21
0,1996,7.01
0,1997,7.66
0,1998,8.17
0,1999,8.0
0,2000,7.74
0,2001,7.52
0,2002,7.4
0,2003,7.24
0,2004,7.05
0,2005,6.82
0,2006,6.61
0,2007,6.42
0,2008,7.03
0,2009,7.9
0,2010,8.6
0,2011,8.34
0,2012,8.17
0,2013,8.05
0,2014,7.92
0,2015,7.91
0,2016,7.81
0,2017,7.65
0,2018,7.47
0,2019,7.34
0,2020,7.25
1,1968,15.61
1,1969,14.8
1,1970,14.0
1,1971,13.41
1,1972,12.99
1,1973,12.23
1,1974,11.02
1,1975,10.1
1,1976,12.73
1,1977,11.95
1,1978,11.11
1,1979,12.11
1,1980,11.3
1,1981,10.96
1,1982,10.32
1,1983,10.0
1,1984,9.58
1,1985,9.26
1,1986,9.09
1,1987,8.77
1,1988,8.42
1,1989,8.03
1,1990,7.62
1,1991,8.17
1,1992,8.76
1,1993,8.5
1,1994,8.29
1,1995,8.06
1,1996,7.83
1,1997,8.46
1,1998,8.97
1,1999,8.77
1,2000,8.49
1,2001,8.25
1,2002,8.12
1,2003,10.05
1,2004,9.79
1,2005,9.47
1,2006,9.17
1,2007,8.92
1,2008,8.59
1,2009,8.62
1,2010,9.19
1,2011,8.91
1,2012,8.73
1,2013,8.61
1,2014,8.47
1,2015,9.55
1,2016,10.51
1,2017,10.34
1,2018,10.14
1,2019,10.31
1,2020,10.19
2,1968,8.55
2,1969,8.11
2,1970,8.67
2,1971,8.3
2,1972,9.9
2,1973,9.32
2,1974,8.39
2,1975,7.69
2,1976,10.0
2,1977,9.39
2,1978,8.73
2,1979,10.33
2,1980,9.73
2,1981,9.53
2,1982,8.98
2,1983,8.7
2,1984,8.34
2,1985,8.05
2,1986,7.91
2,1987,7.63
2,1988,7.32
2,1989,6.99
2,1990,6.63
2,1991,7.22
2,1992,7.84
2,1993,7.61
2,1994,7.42
2,1995,7.21
2,1996,7.01
2,1997,7.66
2,1998,8.17
2,1999,8.0
2,2000,7.74
2,2001,7.52
2,2002,7.4
2,2003,7.24
2,2004,7.05
2,2005,6.82
2,2006,6.61
2,2007,8.42
2,2008,8.29
2,2009,8.74
2,2010,8.6
2,2011,8.45
2,2012,8.62
2,2013,8.66
2,2014,8.63
2,2015,8.79
2,2016,8.68
2,2017,10.55
2,2018,10.82
2,2019,12.14
2,2020,12.0
3,1968,8.55
3,1969,8.11
3,1970,8.67
3,1971,8.3
3,1972,9.9
3,1973,9.32
3,1974,8.39
3,1975,7.69
3,1976,10.0
3,1977,9.39
3,1978,8.73
3,1979,10.33
3,1980,9.73
3,1981,9.53
3,1982,8.98
3,1983,8.7
3,1984,8.34
3,1985,8.05
3,1986,7.91
3,1987,7.63
3,1988,7.32
3,1989,6.99
3,1990,6.63
3,1991,7.22
3,1992,7.84
3,1993,7.61
3,1994,7.42
3,1995,7.21
3,1996,7.01
3,1997,7.66
3,1998,8.17
3,1999,8.0
3,2000,7.74
3,2001,7.52
3,2002,7.4
3,2003,7.24
3,2004,7.05
3,2005,6.82
3,2006,6.61
3,2007,7.8
3,2008,7.51
3,2009,7.9
3,2010,8.6
3,2011,8.34
3,2012,8.17
3,2013,8.05
3,2014,7.92
3,2015,8.18
3,2016,8.62
3,2017,8.97
3,2018,8.76
3,2019,9.36
3,2020,10.0
4,1968,12.26
4,1969,11.63
4,1970,11.0
4,1971,10.54
4,1972,10.21
4,1973,9.61
4,1974,8.66
4,1975,7.93
4,1976,10.0
4,1977,9.39
4,1978,8.73
4,1979,10.33
4,1980,9.73
4,1981,9.53
4,1982,8.98
4,1983,8.7
4,1984,8.34
4,1985,8.05
4,1986,7.91
4,1987,7.63
4,1988,7.32
4,1989,6.99
4,1990,6.63
4,1991,8.07
4,1992,7.84
4,1993,7.61
4,1994,7.42
4,1995,7.21
4,1996,7.01
4,1997,7.66
4,1998,8.17
4,1999,8.0
4,2000,8.64
4,2001,9.13
4,2002,9.71
4,2003,9.49
4,2004,9.24
4,2005,8.94
4,2006,8.66
4,2007,9.36
4,2008,9.61
4,2009,9.65
4,2010,9.49
4,2011,9.2
4,2012,9.01
4,2013,8.88
4,2014,9.83
4,2015,9.82
4,2016,10.78
4,2017,10.55
4,2018,11.33
4,2019,12.14
4,2020,13.0
5,1968,8.55
5,1969,8.11
5,1970,8.67
5,1971,8.3
5,1972,9.9
5,1973,9.32
5,1974,8.39
5,1975,7.69
5,1976,10.0
5,1977,9.39
5,1978,8.73
5,1979,10.33
5,1980,9.73
5,1981,9.53
5,1982,8.98
5,1983,8.7
5,1984,8.34
5,1985,8.05
5,1986,7.91
5,1987,7.63
5,1988,7.32
5,1989,6.99
5,1990,6.63
5,1991,7.22
5,1992,7.84
5,1993,7.61
5,1994,7.42
5,1995,7.21
5,1996,7.01
5,1997,7.66
5,1998,8.17
5,1999,8.0
5,2000,7.74
5,2001,7.52
5,2002,7.4
5,2003,7.24
5,2004,7.05
5,2005,6.82
5,2006,6.61
5,2007,8.55
5,2008,8.43
5,2009,8.78
5,2010,8.6
5,2011,8.46
5,2012,8.61
5,2013,8.64
5,2014,8.74
5,2015,8.98
5,2016,8.96
5,2017,9.81
5,2018,10.51
5,2019,12.14
5,2020,12.0
6,1968,10.41
6,1969,9.87
6,1970,10.67
6,1971,10.22
6,1972,11.45
6,1973,10.78
6,1974,9.71
6,1975,8.89
6,1976,10.05
6,1977,9.43
6,1978,8.77
6,1979,10.37
6,1980,9.79
6,1981,9.59
6,1982,9.03
6,1983,8.75
6,1984,8.39
6,1985,8.1
6,1986,7.95
6,1987,7.67
6,1988,8.2
6,1989,7.82
6,1990,7.42
6,1991,8.07
6,1992,7.87
6,1993,7.64
6,1994,7.45
6,1995,7.25
6,1996,7.04
6,1997,7.69
6,1998,8.22
6,1999,8.04
6,2000,9.24
6,2001,9.35
6,2002,9.63
6,2003,9.7
6,2004,9.72
6,2005,9.4
6,2006,9.49
6,2007,9.54
6,2008,9.19
6,2009,9.65
6,2010,9.79
6,2011,9.49
6,2012,9.29
6,2013,9.16
6,2014,9.51
6,2015,9.99
6,2016,10.35
6,2017,10.66
6,2018,10.4
6,2019,11.13
6,2020,11.0
7,1968,9.29
7,1969,8.81
7,1970,8.67
7,1971,8.3
7,1972,9.9
7,1973,9.32
7,1974,8.39
7,1975,7.69
7,1976,10.0
7,1977,9.39
7,1978,8.73
7,1979,10.33
7,1980,9.73
7,1981,9.53
7,1982,8.98
7,1983,8.7
7,1984,8.34
7,1985,8.05
7,1986,7.91
7,1987,7.63
7,1988,7.32
7,1989,6.99
7,1990,6.63
7,1991,7.22
7,1992,7.84
7,1993,7.61
7,1994,7.42
7,1995,7.21
7,1996,7.67
7,1997,8.06
7,1998,8.17
7,1999,8.0
7,2000,8.49
7,2001,8.98
7,2002,8.84
7,2003,8.65
7,2004,8.42
7,2005,8.15
7,2006,7.89
7,2007,8.3
7,2008,8.59
7,2009,8.62
7,2010,8.6
7,2011,8.34
7,2012,8.17
7,2013,8.05
7,2014,8.47
7,2015,9.0
7,2016,8.89
7,2017,8.71
7,2018,8.5
7,2019,9.36
7,2020,9.25
8,1968,8.55
8,1969,8.11
8,1970,8.67
8,1971,8.3
8,1972,9.9
8,1973,9.32
8,1974,8.39
8,1975,7.69
8,1976,10.0
8,1977,9.39
8,1978,8.73
8,1979,10.33
8,1980,9.73
8,1981,9.53
8,1982,8.98
8,1983,8.7
8,1984,8.34
8,1985,8.05
8,1986,7.91
8,1987,7.63
8,1988,7.32
8,1989,6.99
8,1990,6.63
8,1991,7.22
8,1992,7.84
8,1993,7.61
8,1994,7.42
8,1995,7.21
8,1996,7.01
8,1997,7.66
8,1998,8.17
8,1999,8.0
8,2000,7.74
8,2001,7.52
8,2002,7.4
8,2003,7.24
8,2004,7.05
8,2005,6.82
8,2006,8.21
8,2007,8.32
8,2008,8.16
8,2009,8.69
8,2010,8.6
8,2011,8.34
8,2012,8.64
8,2013,8.65
8,2014,8.66
8,2015,8.79
8,2016,8.68
8,2017,8.55
8,2018,8.5
8,2019,8.66
8,2020,8.56
9,1968,8.55
9,1969,8.11
9,1970,8.67
9,1971,8.3
9,1972,9.9
9,1973,9.32
9,1974,8.39
9,1975,7.69
9,1976,10.0
9,1977,9.39
9,1978,8.73
9,1979,10.33
9,1980,9.73
9,1981,9.53
9,1982,8.98
9,1983,8.7
9,1984,8.34
9,1985,8.05
9,1986,7.91
9,1987,7.63
9,1988,7.32
9,1989,6.99
9,1990,6.63
9,1991,7.22
9,1992,7.84
9,1993,7.61
9,1994,7.42
9,1995,7.21
9,1996,7.01
9,1997,7.66
9,1998,8.17
9,1999,8.0
9,2000,7.74
9,2001,7.52
9,2002,7.4
9,2003,7.24
9,2004,7.05
9,2005,6.82
9,2006,6.61
9,2007,6.42
9,2008,7.03
9,2009,7.9
9,2010,8.6
9,2011,8.34
9,2012,8.17
9,2013,8.05
9,2014,7.92
9,2015,7.91
9,2016,7.81
9,2017,7.65
9,2018,7.47
9,2019,7.34
9,2020,7.25
10,1968,9.29
10,1969,8.81
10,1970,10.67
10,1971,10.22
10,1972,9.9
10,1973,9.32
10,1974,8.39
10,1975,7.69
10,1976,10.91
10,1977,10.24
10,1978,9.52
10,1979,10.33
10,1980,9.73
10,1981,9.53
10,1982,8.98
10,1983,8.7
10,1984,8.34
10,1985,8.05
10,1986,7.91
10,1987,7.63
10,1988,8.42
10,1989,8.03
10,1990,7.62
10,1991,7.31
10,1992,7.84
10,1993,7.61
10,1994,9.16
10,1995,8.91
10,1996,8.65
10,1997,8.46
10,1998,8.33
10,1999,8.15
10,2000,7.89
10,2001,7.67
10,2002,8.27
10,2003,8.79
10,2004,8.56
10,2005,8.28
10,2006,8.66
10,2007,9.04
10,2008,8.71
10,2009,8.74
10,2010,8.6
10,2011,8.34
10,2012,8.17
10,2013,8.05
10,2014,7.92
10,2015,8.46
10,2016,9.16
10,2017,9.76
10,2018,10.4
10,2019,10.22
10,2020,10.1
11,1968,8.55
11,1969,8.11
11,1970,8.67
11,1971,8.3
11,1972,9.9
11,1973,9.32
11,1974,8.39
11,1975,7.69
11,1976,10.0
11,1977,9.39
11,1978,8.73
11,1979,10.33
11,1980,9.73
11,1981,9.53
11,1982,8.98
11,1983,8.7
11,1984,8.34
11,1985,8.05
11,1986,7.91
11,1987,7.63
11,1988,7.32
11,1989,6.99
11,1990,6.63
11,1991,7.22
11,1992,7.84
11,1993,7.61
11,1994,7.42
11,1995,7.21
11,1996,7.01
11,1997,7.66
11,1998,8.17
11,1999,8.0
11,2000,7.74
11,2001,7.52
11,2002,7.4
11,2003,7.24
11,2004,7.05
11,2005,6.82
11,2006,6.61
11,2007,6.42
11,2008,7.03
11,2009,7.9
11,2010,8.6
11,2011,8.34
11,2012,8.17
11,2013,8.05
11,2014,7.92
11,2015,7.91
11,2016,7.81
11,2017,7.65
11,2018,7.47
11,2019,7.34
11,2020,7.25
12,1968,8.55
12,1969,8.11
12,1970,8.67
12,1971,8.3
12,1972,9.9
12,1973,9.32
12,1974,8.39
12,1975,7.69
12,1976,10.0
12,1977,9.39
12,1978,8.73
12,1979,10.33
12,1980,9.73
12,1981,9.53
12,1982,8.98
12,1983,8.7
12,1984,8.34
12,1985,8.05
12,1986,7.91
12,1987,7.63
12,1988,7.32
12,1989,6.99
12,1990,6.63
12,1991,7.22
12,1992,7.84
12,1993,7.61
12,1994,7.42
12,1995,7.21
12,1996,7.01
12,1997,7.66
12,1998,8.17
12,1999,8.0
12,2000,7.74
12,2001,7.52
12,2002,7.4
12,2003,7.24
12,2004,7.53
12,2005,8.61
12,2006,8.34
12,2007,9.36
12,2008,9.31
12,2009,9.65
12,2010,9.79
12,2011,9.49
12,2012,9.29
12,2013,9.16
12,2014,9.01
12,2015,9.0
12,2016,8.89
12,2017,8.71
12,2018,8.5
12,2019,9.36
12,2020,9.25
13,1968,8.55
13,1969,8.11
13,1970,8.67
13,1971,8.3
13,1972,9.9
13,1973,9.32
13,1974,8.39
13,1975,7.69
13,1976,10.0
13,1977,9.39
13,1978,8.73
13,1979,10.33
13,1980,9.73
13,1981,9.53
13,1982,8.98
13,1983,8.7
13,1984,8.34
13,1985,8.05
13,1986,7.91
13,1987,7.63
13,1988,7.32
13,1989,6.99
13,1990,6.63
13,1991,7.22
13,1992,7.84
13,1993,7.61
13,1994,7.42
13,1995,7.21
13,1996,7.01
13,1997,7.66
13,1998,8.17
13,1999,8.0
13,2000,7.74
13,2001,7.52
13,2002,7.4
13,2003,7.24
13,2004,7.05
13,2005,6.82
13,2006,6.61
13,2007,6.42
13,2008,7.03
13,2009,7.9
13,2010,8.6
13,2011,8.34
13,2012,8.17
13,2013,8.05
13,2014,7.92
13,2015,7.91
13,2016,7.81
13,2017,7.65
13,2018,7.47
13,2019,7.34
13,2020,7.25
14,1968,8.55
14,1969,8.11
14,1970,8.67
14,1971,8.3
14,1972,9.9
14,1973,9.32
14,1974,8.39
14,1975,7.69
14,1976,10.0
14,1977,9.39
14,1978,8.73
14,1979,10.33
14,1980,9.73
14,1981,9.53
14,1982,8.98
14,1983,8.7
14,1984,8.34
14,1985,8.05
14,1986,7.91
14,1987,7.63
14,1988,7.32
14,1989,6.99
14,1990,6.63
14,1991,8.07
14,1992,8.57
14,1993,8.32
14,1994,8.12
14,1995,7.89
14,1996,7.67
14,1997,7.66
14,1998,8.17
14,1999,8.0
14,2000,7.74
14,2001,7.52
14,2002,7.4
14,2003,7.24
14,2004,7.05
14,2005,6.82
14,2006,6.61
14,2007,6.42
14,2008,8.71
14,2009,8.74
14,2010,8.6
14,2011,8.34
14,2012,8.17
14,2013,8.05
14,2014,7.92
14,2015,7.91
14,2016,7.81
14,2017,7.65
14,2018,7.47
14,2019,7.34
14,2020,7.25
15,1968,8.55
15,1969,8.11
15,1970,8.67
15,1971,8.3
15,1972,9.9
15,1973,9.32
15,1974,8.39
15,1975,7.69
15,1976,10.0
15,1977,9.39
15,1978,8.73
15,1979,10.33
15,1980,9.73
15,1981,9.53
15,1982,8.98
15,1983,8.7
15,1984,8.34
15,1985,8.05
15,1986,7.91
15,1987,7.63
15,1988,7.32
15,1989,6.99
15,1990,6.63
15,1991,7.22
15,1992,7.84
15,1993,7.61
15,1994,7.42
15,1995,7.21
15,1996,7.01
15,1997,7.66
15,1998,8.17
15,1999,8.0
15,2000,7.74
15,2001,7.52
15,2002,7.4
15,2003,7.24
15,2004,7.05
15,2005,6.82
15,2006,6.61
15,2007,6.42
15,2008,7.03
15,2009,7.9
15,2010,8.6
15,2011,8.34
15,2012,8.17
15,2013,8.05
15,2014,7.92
15,2015,7.91
15,2016,7.81
15,2017,7.65
15,2018,7.47
15,2019,7.34
15,2020,7.25
16,1968,8.55
16,1969,8.11
16,1970,8.67
16,1971,8.3
16,1972,9.9
16,1973,9.32
16,1974,8.39
16,1975,7.69
16,1976,10.0
16,1977,9.39
16,1978,8.73
16,1979,10.33
16,1980,9.73
16,1981,9.53
16,1982,8.98
16,1983,8.7
16,1984,8.34
16,1985,8.05
16,1986,7.91
16,1987,7.63
16,1988,7.32
16,1989,6.99
16,1990,6.63
16,1991,7.22
16,1992,7.84
16,1993,7.61
16,1994,7.42
16,1995,7.21
16,1996,7.01
16,1997,7.66
16,1998,8.17
16,1999,8.0
16,2000,7.74
16,2001,7.52
16,2002,7.4
16,2003,7.24
16,2004,7.05
16,2005,6.82
16,2006,6.61
16,2007,6.42
16,2008,7.03
16,2009,7.9
16,2010,8.6
16,2011,8.34
16,2012,8.17
16,2013,8.05
16,2014,7.92
16,2015,7.91
16,2016,7.81
16,2017,7.65
16,2018,7.47
16,2019,7.34
16,2020,7.25
17,1968,8.55
17,1969,8.11
17,1970,8.67
17,1971,8.3
17,1972,9.9
17,1973,9.32
17,1974,8.39
17,1975,7.69
17,1976,10.0
17,1977,9.39
17,1978,8.73
17,1979,10.33
17,1980,9.73
17,1981,9.53
17,1982,8.98
17,1983,8.7
17,1984,8.34
17,1985,8.05
17,1986,7.91
17,1987,7.63
17,1988,7.32
17,1989,6.99
17,1990,6.63
17,1991,7.22
17,1992,7.84
17,1993,7.61
17,1994,7.42
17,1995,7.21
17,1996,7.01
17,1997,7.66
17,1998,8.17
17,1999,8.0
17,2000,7.74
17,2001,7.52
17,2002,7.4
17,2003,7.24
17,2004,7.05
17,2005,6.82
17,2006,6.61
17,2007,6.42
17,2008,7.03
17,2009,7.9
17,2010,8.6
17,2011,8.34
17,2012,8.17
17,2013,8.05
17,2014,7.92
17,2015,7.91
17,2016,7.81
17,2017,7.65
17,2018,7.47
17,2019,7.34
17,2020,7.25
18,1968,10.41
18,1969,9.87
18,1970,10.67
18,1971,10.22
18,1972,9.9
18,1973,9.32
18,1974,8.39
18,1975,7.69
18,1976,10.46
18,1977,9.82
18,1978,9.12
18,1979,10.33
18,1980,9.73
18,1981,9.53
18,1982,8.98
18,1983,8.7
18,1984,8.34
18,1985,8.05
18,1986,7.91
18,1987,7.63
18,1988,7.98
18,1989,7.61
18,1990,7.22
18,1991,7.31
18,1992,7.84
18,1993,7.61
18,1994,7.42
18,1995,7.21
18,1996,7.01
18,1997,7.66
18,1998,8.17
18,1999,8.0
18,2000,7.74
18,2001,7.52
18,2002,8.27
18,2003,8.79
18,2004,8.56
18,2005,8.41
18,2006,8.34
18,2007,8.42
18,2008,8.41
18,2009,8.74
18,2010,8.9
18,2011,8.62
18,2012,8.45
18,2013,8.33
18,2014,8.19
18,2015,8.18
18,2016,8.08
18,2017,9.5
18,2018,10.3
18,2019,12.14
18,2020,12.0
19,1968,8.55
19,1969,8.11
19,1970,8.67
19,1971,8.3
19,1972,9.9
19,1973,9.32
19,1974,8.39
19,1975,7.69
19,1976,10.0
19,1977,9.39
19,1978,8.73
19,1979,10.33
19,1980,9.73
19,1981,9.53
19,1982,8.98
19,1983,8.7
19,1984,8.34
19,1985,8.05
19,1986,7.91
19,1987,7.63
19,1988,7.32
19,1989,6.99
19,1990,6.63
19,1991,7.22
19,1992,7.84
19,1993,7.61
19,1994,7.42
19,1995,7.21
19,1996,7.01
19,1997,7.66
19,1998,8.17
19,1999,8.0
19,2000,7.74
19,2001,7.52
19,2002,7.4
19,2003,7.24
19,2004,7.05
19,2005,6.82
19,2006,6.61
19,2007,7.67
19,2008,7.39
19,2009,7.9
19,2010,8.6
19,2011,8.34
19,2012,8.17
19,2013,8.05
19,2014,7.92
19,2015,9.0
19,2016,9.43
19,2017,9.23
19,2018,10.4
19,2019,11.13
19,2020,11.0
20,1968,11.89
20,1969,11.28
20,1970,10.67
20,1971,10.22
20,1972,10.83
20,1973,10.19
20,1974,9.18
20,1975,8.41
20,1976,10.0
20,1977,9.39
20,1978,8.73
20,1979,10.33
20,1980,9.73
20,1981,9.53
20,1982,8.98
20,1983,8.7
20,1984,8.34
20,1985,8.05
20,1986,7.91
20,1987,7.63
20,1988,7.98
20,1989,7.61
20,1990,7.22
20,1991,7.22
20,1992,7.84
20,1993,7.61
20,1994,7.42
20,1995,7.21
20,1996,7.83
20,1997,8.46
20,1998,8.33
20,1999,8.15
20,2000,9.01
20,2001,9.86
20,2002,9.71
20,2003,9.49
20,2004,9.24
20,2005,8.94
20,2006,8.66
20,2007,9.36
20,2008,9.61
20,2009,9.65
20,2010,9.49
20,2011,9.2
20,2012,9.01
20,2013,8.88
20,2014,8.74
20,2015,9.82
20,2016,10.78
20,2017,11.61
20,2018,11.33
20,2019,12.9
20,2020,12.75
21,1968,9.29
21,1969,8.81
21,1970,8.67
21,1971,8.3
21,1972,9.9
21,1973,9.32
21,1974,8.39
21,1975,7.69
21,1976,10.0
21,1977,9.39
21,1978,8.73
21,1979,10.33
21,1980,9.73
21,1981,9.53
21,1982,8.98
21,1983,8.7
21,1984,8.34
21,1985,8.05
21,1986,7.91
21,1987,7.63
21,1988,7.32
21,1989,6.99
21,1990,6.63
21,1991,7.22
21,1992,7.84
21,1993,7.61
21,1994,7.42
21,1995,7.21
21,1996,7.01
21,1997,7.66
21,1998,8.17
21,1999,8.0
21,2000,7.74
21,2001,7.52
21,2002,7.4
21,2003,7.24
21,2004,7.05
21,2005,6.82
21,2006,6.61
21,2007,8.67
21,2008,8.59
21,2009,8.92
21,2010,8.78
21,2011,8.51
21,2012,8.34
21,2013,8.22
21,2014,8.9
21,2015,8.89
21,2016,9.16
21,2017,9.39
21,2018,9.53
21,2019,9.76
21,2020,9.65
22,1968,8.55
22,1969,8.11
22,1970,8.67
22,1971,8.3
22,1972,9.9
22,1973,9.32
22,1974,8.39
22,1975,7.69
22,1976,10.0
22,1977,9.39
22,1978,8.73
22,1979,10.33
22,1980,9.73
22,1981,9.53
22,1982,8.98
22,1983,8.7
22,1984,8.34
22,1985,8.05
22,1986,7.91
22,1987,7.63
22,1988,7.76
22,1989,7.41
22,1990,7.03
22,1991,8.07
22,1992,7.84
22,1993,7.61
22,1994,7.42
22,1995,7.21
22,1996,7.01
22,1997,7.66
22,1998,8.17
22,1999,8.0
22,2000,7.74
22,2001,7.52
22,2002,7.4
22,2003,7.24
22,2004,7.05
22,2005,6.82
22,2006,6.74
22,2007,6.55
22,2008,7.03
22,2009,7.9
22,2010,8.6
22,2011,8.34
22,2012,8.17
22,2013,8.05
22,2014,7.92
22,2015,7.91
22,2016,7.81
22,2017,8.18
22,2018,8.28
22,2019,8.25
22,2020,8.15
23,1968,8.55
23,1969,8.11
23,1970,8.67
23,1971,8.3
23,1972,9.9
23,1973,9.32
23,1974,8.39
23,1975,7.69
23,1976,10.0
23,1977,9.39
23,1978,8.73
23,1979,10.33
23,1980,9.73
23,1981,9.53
23,1982,8.98
23,1983,8.7
23,1984,8.34
23,1985,8.05
23,1986,7.91
23,1987,7.63
23,1988,7.32
23,1989,6.99
23,1990,6.63
23,1991,7.22
23,1992,7.84
23,1993,7.61
23,1994,7.42
23,1995,7.21
23,1996,7.01
23,1997,7.66
23,1998,8.17
23,1999,8.0
23,2000,7.74
23,2001,7.52
23,2002,7.4
23,2003,7.24
23,2004,7.05
23,2005,6.82
23,2006,6.61
23,2007,6.42
23,2008,7.03
23,2009,7.9
23,2010,8.6
23,2011,8.34
23,2012,8.17
23,2013,8.05
23,2014,7.92
23,2015,7.91
23,2016,7.81
23,2017,7.65
23,2018,7.47
23,2019,7.34
23,2020,7.25
24,1968,8.55
24,1969,8.11
24,1970,8.67
24,1971,8.3
24,1972,9.9
24,1973,9.32
24,1974,8.39
24,1975,7.69
24,1976,10.0
24,1977,9.39
24,1978,8.73
24,1979,10.33
24,1980,9.73
24,1981,9.53
24,1982,8.98
24,1983,8.7
24,1984,8.34
24,1985,8.05
24,1986,7.91
24,1987,7.63
24,1988,7.32
24,1989,6.99
24,1990,6.63
24,1991,7.22
24,1992,7.84
24,1993,7.61
24,1994,7.42
24,1995,7.21
24,1996,7.01
24,1997,7.66
24,1998,8.17
24,1999,8.0
24,2000,7.74
24,2001,7.52
24,2002,7.4
24,2003,7.24
24,2004,7.05
24,2005,6.82
24,2006,6.61
24,2007,8.11
24,2008,7.99
24,2009,8.5
24,2010,8.6
24,2011,8.34
24,2012,8.17
24,2013,8.16
24,2014,8.19
24,2015,8.35
24,2016,8.24
24,2017,8.13
24,2018,8.09
24,2019,9.56
24,2020,9.45
25,1968,8.55
25,1969,8.11
25,1970,8.67
25,1971,8.3
25,1972,9.9
25,1973,9.32
25,1974,8.39
25,1975,7.69
25,1976,10.0
25,1977,9.39
25,1978,8.73
25,1979,10.33
25,1980,9.73
25,1981,9.53
25,1982,8.98
25,1983,8.7
25,1984,8.34
25,1985,8.05
25,1986,7.91
25,1987,7.63
25,1988,7.32
25,1989,6.99
25,1990,6.63
25,1991,7.22
25,1992,7.84
25,1993,7.61
25,1994,7.42
25,1995,7.21
25,1996,7.01
25,1997,7.66
25,1998,8.17
25,1999,8.0
25,2000,7.74
25,2001,7.52
25,2002,7.4
25,2003,7.24
25,2004,7.05
25,2005,6.82
25,2006,6.61
25,2007,6.42
25,2008,7.03
25,2009,7.9
25,2010,8.6
25,2011,8.34
25,2012,8.17
25,2013,8.05
25,2014,8.63
25,2015,8.79
25,2016,8.68
25,2017,8.6
25,2018,8.55
25,2019,8.75
25,2020,8.65
26,1968,8.55
26,1969,8.11
26,1970,8.67
26,1971,8.3
26,1972,9.9
26,1973,9.32
26,1974,8.39
26,1975,7.69
26,1976,10.0
26,1977,9.39
26,1978,8.73
26,1979,10.33
26,1980,9.73
26,1981,9.53
26,1982,8.98
26,1983,8.7
26,1984,8.34
26,1985,8.05
26,1986,7.91
26,1987,7.63
26,1988,7.32
26,1989,6.99
26,1990,6.63
26,1991,7.22
26,1992,7.84
26,1993,7.61
26,1994,7.42
26,1995,7.21
26,1996,7.01
26,1997,7.66
26,1998,8.17
26,1999,8.0
26,2000,7.74
26,2001,7.52
26,2002,7.4
26,2003,7.24
26,2004,7.05
26,2005,6.82
26,2006,6.61
26,2007,6.42
26,2008,7.03
26,2009,7.9
26,2010,8.6
26,2011,8.34
26,2012,8.17
26,2013,8.05
26,2014,7.92
26,2015,8.73
26,2016,9.7
26,2017,9.5
26,2018,9.27
26,2019,9.11
26,2020,9.0
27,1968,9.29
27,1969,8.81
27,1970,8.67
27,1971,8.3
27,1972,9.9
27,1973,9.32
27,1974,8.39
27,1975,7.69
27,1976,10.0
27,1977,9.39
27,1978,8.73
27,1979,10.33
27,1980,9.73
27,1981,9.53
27,1982,8.98
27,1983,8.7
27,1984,8.34
27,1985,8.05
27,1986,7.91
27,1987,7.63
27,1988,7.32
27,1989,6.99
27,1990,6.63
27,1991,7.22
27,1992,7.84
27,1993,7.61
27,1994,7.42
27,1995,7.21
27,1996,7.01
27,1997,7.66
27,1998,8.17
27,1999,8.0
27,2000,7.74
27,2001,7.52
27,2002,7.4
27,2003,7.24
27,2004,7.05
27,2005,6.82
27,2006,6.61
27,2007,7.67
27,2008,7.6
27,2009,7.9
27,2010,8.6
27,2011,8.34
27,2012,8.17
27,2013,8.05
27,2014,7.92
27,2015,7.91
27,2016,7.81
27,2017,7.65
27,2018,7.47
27,2019,7.34
27,2020,7.25
28,1968,10.41
28,1969,9.87
28,1970,9.67
28,1971,9.26
28,1972,9.9
28,1973,9.32
28,1974,8.39
28,1975,7.69
28,1976,10.0
28,1977,9.39
28,1978,8.73
28,1979,10.33
28,1980,9.73
28,1981,9.53
28,1982,8.98
28,1983,8.7
28,1984,8.34
28,1985,8.05
28,1986,7.91
28,1987,7.63
28,1988,7.76
28,1989,7.41
28,1990,7.03
28,1991,7.31
28,1992,7.84
28,1993,7.61
28,1994,7.42
28,1995,7.21
28,1996,7.01
28,1997,7.66
28,1998,8.17
28,1999,8.0
28,2000,7.74
28,2001,7.52
28,2002,7.4
28,2003,7.24
28,2004,7.05
28,2005,6.82
28,2006,6.61
28,2007,6.42
28,2008,7.81
28,2009,8.74
28,2010,8.6
28,2011,8.34
28,2012,8.17
28,2013,8.05
28,2014,7.92
28,2015,7.91
28,2016,7.81
28,2017,7.65
28,2018,7.47
28,2019,7.34
28,2020,7.25
29,1968,10.41
29,1969,9.87
29,1970,10.0
29,1971,9.58
29,1972,9.9
29,1973,9.32
29,1974,8.39
29,1975,7.69
29,1976,10.0
29,1977,9.39
29,1978,8.73
29,1979,10.33
29,1980,9.73
29,1981,9.53
29,1982,8.98
29,1983,8.7
29,1984,8.34
29,1985,8.05
29,1986,7.91
29,1987,7.63
29,1988,7.32
29,1989,6.99
29,1990,6.63
29,1991,7.22
29,1992,7.84
29,1993,7.61
29,1994,8.81
29,1995,8.57
29,1996,8.33
29,1997,8.14
29,1998,8.17
29,1999,8.0
29,2000,7.74
29,2001,7.52
29,2002,7.4
29,2003,7.24
29,2004,7.05
29,2005,6.82
29,2006,7.89
29,2007,8.92
29,2008,8.59
29,2009,8.62
29,2010,8.6
29,2011,8.34
29,2012,8.17
29,2013,8.05
29,2014,9.01
29,2015,9.15
29,2016,9.03
29,2017,8.91
29,2018,8.86
29,2019,11.13
29,2020,11.0
30,1968,8.55
30,1969,8.11
30,1970,8.67
30,1971,8.3
30,1972,9.9
30,1973,9.32
30,1974,8.39
30,1975,7.69
30,1976,10.0
30,1977,9.39
30,1978,8.73
30,1979,10.33
30,1980,9.73
30,1981,9.53
30,1982,8.98
30,1983,8.7
30,1984,8.34
30,1985,8.05
30,1986,7.91
30,1987,7.63
30,1988,7.32
30,1989,6.99
30,1990,6.63
30,1991,7.22
30,1992,7.84
30,1993,7.61
30,1994,7.42
30,1995,7.21
30,1996,7.01
30,1997,7.66
30,1998,8.17
30,1999,8.0
30,2000,7.74
30,2001,7.52
30,2002,7.4
30,2003,7.24
30,2004,7.05
30,2005,6.82
30,2006,6.61
30,2007,6.42
30,2008,7.81
30,2009,9.04
30,2010,8.9
30,2011,8.62
30,2012,8.45
30,2013,8.33
30,2014,8.19
30,2015,8.18
30,2016,8.08
30,2017,7.91
30,2018,7.73
30,2019,9.11
30,2020,9.0
31,1968,11.89
31,1969,11.28
31,1970,10.67
31,1971,10.22
31,1972,11.45
31,1973,10.78
31,1974,9.71
31,1975,8.89
31,1976,10.46
31,1977,9.82
31,1978,9.12
31,1979,10.33
31,1980,9.73
31,1981,9.53
31,1982,8.98
31,1983,8.7
31,1984,8.34
31,1985,8.05
31,1986,7.91
31,1987,7.63
31,1988,7.32
31,1989,6.99
31,1990,6.63
31,1991,7.22
31,1992,7.84
31,1993,7.61
31,1994,7.42
31,1995,7.21
31,1996,7.01
31,1997,7.66
31,1998,8.17
31,1999,8.0
31,2000,7.74
31,2001,7.52
31,2002,7.4
31,2003,7.24
31,2004,7.05
31,2005,7.95
31,2006,8.66
31,2007,8.92
31,2008,8.59
31,2009,8.62
31,2010,8.6
31,2011,8.34
31,2012,8.17
31,2013,8.05
31,2014,8.74
31,2015,9.55
31,2016,9.7
31,2017,10.24
31,2018,10.71
31,2019,11.94
31,2020,11.8
32,1968,8.55
32,1969,8.11
32,1970,8.67
32,1971,8.3
32,1972,9.9
32,1973,9.32
32,1974,8.39
32,1975,7.69
32,1976,10.0
32,1977,9.39
32,1978,8.73
32,1979,10.33
32,1980,9.73
32,1981,9.53
32,1982,8.98
32,1983,8.7
32,1984,8.34
32,1985,8.05
32,1986,7.91
32,1987,7.63
32,1988,7.32
32,1989,6.99
32,1990,6.63
32,1991,7.22
32,1992,7.84
32,1993,7.61
32,1994,7.42
32,1995,7.21
32,1996,7.01
32,1997,7.66
32,1998,8.17
32,1999,8.0
32,2000,7.74
32,2001,7.52
32,2002,7.4
32,2003,7.24
32,2004,7.05
32,2005,6.82
32,2006,6.61
32,2007,7.67
32,2008,7.39
32,2009,7.9
32,2010,8.6
32,2011,8.34
32,2012,8.17
32,2013,8.05
32,2014,7.92
32,2015,7.91
32,2016,7.81
32,2017,7.65
32,2018,7.47
32,2019,7.34
32,2020,7.25
33,1968,8.55
33,1969,8.11
33,1970,8.67
33,1971,8.3
33,1972,9.9
33,1973,9.32
33,1974,8.39
33,1975,7.69
33,1976,10.0
33,1977,9.39
33,1978,8.73
33,1979,10.33
33,1980,9.73
33,1981,9.53
33,1982,8.98
33,1983,8.7
33,1984,8.34
33,1985,8.05
33,1986,7.91
33,1987,7.63
33,1988,7.32
33,1989,6.99
33,1990,6.63
33,1991,7.22
33,1992,7.84
33,1993,7.61
33,1994,7.42
33,1995,7.21
33,1996,7.01
33,1997,7.66
33,1998,8.17
33,1999,8.0
33,2000,7.74
33,2001,7.52
33,2002,7.4
33,2003,7.24
33,2004,7.05
33,2005,6.82
33,2006,6.61
33,2007,6.42
33,2008,7.03
33,2009,7.9
33,2010,8.6
33,2011,8.34
33,2012,8.17
33,2013,8.05
33,2014,7.92
33,2015,7.91
33,2016,7.81
33,2017,7.65
33,2018,7.47
33,2019,7.34
33,2020,7.25
34,1968,8.55
34,1969,8.11
34,1970,8.67
34,1971,8.3
34,1972,9.9
34,1973,9.32
34,1974,8.39
34,1975,7.69
34,1976,10.0
34,1977,9.39
34,1978,8.73
34,1979,10.33
34,1980,9.73
34,1981,9.53
34,1982,8.98
34,1983,8.7
34,1984,8.34
34,1985,8.05
34,1986,7.91
34,1987,7.63
34,1988,7.32
34,1989,6.99
34,1990,6.63
34,1991,7.22
34,1992,7.84
34,1993,7.61
34,1994,7.42
34,1995,7.21
34,1996,7.01
34,1997,7.66
34,1998,8.17
34,1999,8.0
34,2000,7.74
34,2001,7.52
34,2002,7.4
34,2003,7.24
34,2004,7.05
34,2005,6.82
34,2006,6.61
34,2007,8.55
34,2008,8.41
34,2009,8.8
34,2010,8.66
34,2011,8.51
34,2012,8.67
34,2013,8.72
34,2014,7.92
34,2015,7.91
34,2016,7.81
34,2017,8.6
34,2018,8.55
34,2019,8.8
34,2020,8.7
35,1968,8.55
35,1969,8.11
35,1970,8.67
35,1971,8.3
35,1972,9.9
35,1973,9.32
35,1974,8.39
35,1975,7.69
35,1976,10.0
35,1977,9.39
35,1978,8.73
35,1979,10.33
35,1980,9.73
35,1981,9.53
35,1982,8.98
35,1983,8.7
35,1984,8.34
35,1985,8.05
35,1986,7.91
35,1987,7.63
35,1988,7.32
35,1989,6.99
35,1990,6.63
35,1991,7.22
35,1992,7.84
35,1993,7.61
35,1994,7.42
35,1995,7.21
35,1996,7.01
35,1997,7.66
35,1998,8.17
35,1999,8.0
35,2000,7.74
35,2001,7.52
35,2002,7.4
35,2003,7.24
35,2004,7.05
35,2005,6.82
35,2006,6.61
35,2007,6.42
35,2008,7.03
35,2009,7.9
35,2010,8.6
35,2011,8.34
35,2012,8.17
35,2013,8.05
35,2014,7.92
35,2015,7.91
35,2016,7.81
35,2017,7.65
35,2018,7.47
35,2019,7.34
35,2020,7.25
36,1968,9.29
36,1969,8.81
36,1970,8.67
36,1971,8.3
36,1972,9.9
36,1973,9.32
36,1974,8.39
36,1975,7.69
36,1976,10.46
36,1977,9.82
36,1978,9.12
36,1979,10.33
36,1980,9.73
36,1981,9.53
36,1982,8.98
36,1983,8.7
36,1984,8.34
36,1985,8.05
36,1986,7.91
36,1987,7.63
36,1988,7.32
36,1989,6.99
36,1990,6.63
36,1991,9.02
36,1992,8.76
36,1993,8.5
36,1994,8.29
36,1995,8.06
36,1996,7.83
36,1997,8.86
36,1998,9.52
36,1999,9.32
36,2000,9.76
36,2001,9.49
36,2002,9.35
36,2003,9.7
36,2004,9.65
36,2005,9.6
36,2006,9.62
36,2007,9.73
36,2008,9.55
36,2009,10.13
36,2010,9.96
36,2011,9.77
36,2012,9.91
36,2013,9.94
36,2014,9.94
36,2015,10.09
36,2016,10.51
36,2017,10.29
36,2018,11.07
36,2019,11.38
36,2020,11.25
37,1968,8.55
37,1969,8.11
37,1970,8.67
37,1971,8.3
37,1972,9.9
37,1973,9.32
37,1974,8.39
37,1975,7.69
37,1976,10.0
37,1977,9.39
37,1978,8.73
37,1979,10.33
37,1980,9.73
37,1981,9.53
37,1982,8.98
37,1983,8.7
37,1984,8.34
37,1985,8.05
37,1986,7.91
37,1987,7.63
37,1988,7.32
37,1989,6.99
37,1990,6.63
37,1991,7.22
37,1992,7.84
37,1993,7.61
37,1994,7.42
37,1995,7.21
37,1996,7.01
37,1997,7.66
37,1998,8.17
37,1999,8.0
37,2000,7.74
37,2001,7.52
37,2002,7.4
37,2003,7.24
37,2004,7.05
37,2005,6.82
37,2006,6.61
37,2007,7.8
37,2008,8.59
37,2009,8.62
37,2010,8.6
37,2011,8.34
37,2012,8.17
37,2013,8.05
37,2014,7.92
37,2015,7.91
37,2016,7.81
37,2017,7.65
37,2018,7.47
37,2019,7.34
37,2020,7.25
38,1968,10.41
38,1969,9.87
38,1970,10.67
38,1971,10.22
38,1972,9.9
38,1973,9.32
38,1974,8.39
38,1975,7.69
38,1976,10.46
38,1977,9.82
38,1978,9.12
38,1979,10.33
38,1980,9.73
38,1981,9.53
38,1982,8.98
38,1983,8.7
38,1984,8.34
38,1985,8.05
38,1986,7.91
38,1987,7.63
38,1988,7.98
38,1989,7.61
38,1990,7.22
38,1991,8.07
38,1992,8.2
38,1993,7.97
38,1994,7.77
38,1995,7.55
38,1996,7.34
38,1997,8.3
38,1998,8.17
38,1999,8.0
38,2000,8.49
38,2001,8.98
38,2002,8.84
38,2003,8.65
38,2004,9.24
38,2005,8.94
38,2006,8.66
38,2007,9.23
38,2008,8.89
38,2009,8.92
38,2010,8.78
38,2011,8.51
38,2012,8.34
38,2013,8.61
38,2014,8.74
38,2015,9.82
38,2016,10.35
38,2017,10.13
38,2018,10.4
38,2019,10.62
38,2020,10.5
39,1968,8.55
39,1969,8.11
39,1970,8.67
39,1971,8.3
39,1972,9.9
39,1973,9.32
39,1974,8.39
39,1975,7.69
39,1976,10.0
39,1977,9.39
39,1978,8.73
39,1979,10.33
39,1980,9.73
39,1981,9.53
39,1982,8.98
39,1983,8.7
39,1984,8.34
39,1985,8.05
39,1986,7.91
39,1987,7.63
39,1988,7.32
39,1989,6.99
39,1990,6.63
39,1991,7.22
39,1992,7.84
39,1993,7.61
39,1994,7.42
39,1995,7.21
39,1996,7.01
39,1997,7.66
39,1998,8.17
39,1999,8.0
39,2000,7.74
39,2001,7.52
39,2002,7.4
39,2003,7.24
39,2004,7.05
39,2005,6.82
39,2006,6.61
39,2007,6.42
39,2008,7.03
39,2009,7.9
39,2010,8.6
39,2011,8.34
39,2012,8.17
39,2013,8.05
39,2014,7.92
39,2015,7.91
39,2016,7.81
39,2017,7.65
39,2018,7.47
39,2019,7.34
39,2020,7.25
40,1968,8.55
40,1969,8.11
40,1970,8.67
40,1971,8.3
40,1972,9.9
40,1973,9.32
40,1974,8.39
40,1975,7.69
40,1976,10.0
40,1977,9.39
40,1978,8.73
40,1979,10.33
40,1980,9.73
40,1981,9.53
40,1982,8.98
40,1983,8.7
40,1984,8.34
40,1985,8.05
40,1986,7.91
40,1987,7.63
40,1988,7.32
40,1989,6.99
40,1990,6.63
40,1991,7.22
40,1992,7.84
40,1993,7.61
40,1994,7.42
40,1995,7.21
40,1996,7.01
40,1997,7.66
40,1998,8.17
40,1999,8.0
40,2000,7.74
40,2001,7.52
40,2002,7.4
40,2003,7.24
40,2004,7.05
40,2005,6.82
40,2006,6.61
40,2007,6.42
40,2008,7.03
40,2009,7.9
40,2010,8.6
40,2011,8.34
40,2012,8.17
40,2013,8.05
40,2014,7.92
40,2015,9.28
40,2016,9.21
40,2017,9.13
40,2018,9.12
40,2019,9.41
40,2020,9.3
41,1968,8.55
41,1969,8.11
41,1970,8.67
41,1971,8.3
41,1972,9.9
41,1973,9.32
41,1974,8.39
41,1975,7.69
41,1976,10.0
41,1977,9.39
41,1978,8.73
41,1979,10.33
41,1980,9.73
41,1981,9.53
41,1982,8.98
41,1983,8.7
41,1984,8.34
41,1985,8.05
41,1986,7.91
41,1987,7.63
41,1988,7.32
41,1989,6.99
41,1990,6.63
41,1991,7.22
41,1992,7.84
41,1993,7.61
41,1994,7.42
41,1995,7.21
41,1996,7.01
41,1997,7.66
41,1998,8.17
41,1999,8.0
41,2000,7.74
41,2001,7.52
41,2002,7.4
41,2003,7.24
41,2004,7.05
41,2005,6.82
41,2006,6.61
41,2007,6.42
41,2008,7.03
41,2009,7.9
41,2010,8.6
41,2011,8.34
41,2012,8.17
41,2013,8.05
41,2014,7.92
41,2015,7.91
41,2016,7.81
41,2017,7.65
41,2018,7.47
41,2019,7.34
41,2020,7.25
42,1968,8.55
42,1969,8.11
42,1970,8.67
42,1971,8.3
42,1972,9.9
42,1973,9.32
42,1974,8.39
42,1975,7.69
42,1976,10.0
42,1977,9.39
42,1978,8.73
42,1979,10.33
42,1980,9.73
42,1981,9.53
42,1982,8.98
42,1983,8.7
42,1984,8.34
42,1985,8.05
42,1986,7.91
42,1987,7.63
42,1988,7.32
42,1989,6.99
42,1990,6.63
42,1991,7.22
42,1992,7.84
42,1993,7.61
42,1994,7.42
42,1995,7.21
42,1996,7.01
42,1997,7.66
42,1998,8.17
42,1999,8.0
42,2000,7.74
42,2001,7.52
42,2002,7.4
42,2003,7.24
42,2004,7.05
42,2005,6.82
42,2006,6.61
42,2007,6.42
42,2008,7.03
42,2009,7.9
42,2010,8.6
42,2011,8.34
42,2012,8.17
42,2013,8.05
42,2014,7.92
42,2015,7.91
42,2016,7.81
42,2017,7.65
42,2018,7.47
42,2019,7.34
42,2020,7.25
43,1968,8.55
43,1969,8.11
43,1970,8.67
43,1971,8.3
43,1972,9.9
43,1973,9.32
43,1974,8.39
43,1975,7.69
43,1976,10.0
43,1977,9.39
43,1978,8.73
43,1979,10.33
43,1980,9.73
43,1981,9.53
43,1982,8.98
43,1983,8.7
43,1984,8.34
43,1985,8.05
43,1986,7.91
43,1987,7.63
43,1988,7.32
43,1989,6.99
43,1990,6.63
43,1991,7.22
43,1992,7.84
43,1993,7.61
43,1994,7.42
43,1995,7.21
43,1996,7.01
43,1997,7.66
43,1998,8.17
43,1999,8.0
43,2000,7.74
43,2001,7.52
43,2002,7.4
43,2003,7.24
43,2004,7.05
43,2005,6.82
43,2006,6.61
43,2007,6.42
43,2008,7.03
43,2009,7.9
43,2010,8.6
43,2011,8.34
43,2012,8.17
43,2013,8.05
43,2014,7.92
43,2015,7.91
43,2016,7.81
43,2017,7.65
43,2018,7.47
43,2019,7.34
43,2020,7.25
44,1968,10.41
44,1969,9.87
44,1970,10.67
44,1971,10.22
44,1972,9.9
44,1973,9.32
44,1974,8.39
44,1975,7.69
44,1976,10.46
44,1977,9.82
44,1978,9.12
44,1979,10.33
44,1980,9.73
44,1981,9.53
44,1982,8.98
44,1983,8.7
44,1984,8.34
44,1985,8.05
44,1986,7.91
44,1987,7.63
44,1988,7.76
44,1989,7.41
44,1990,7.03
44,1991,7.31
44,1992,7.84
44,1993,7.61
44,1994,7.42
44,1995,7.21
44,1996,7.83
44,1997,8.06
44,1998,8.33
44,1999,8.15
44,2000,8.64
44,2001,9.13
44,2002,8.99
44,2003,8.79
44,2004,9.24
44,2005,9.27
44,2006,9.3
44,2007,9.39
44,2008,9.23
44,2009,9.72
44,2010,9.56
44,2011,9.37
44,2012,9.53
44,2013,9.55
44,2014,9.54
44,2015,9.99
44,2016,10.35
44,2017,10.55
44,2018,10.82
44,2019,11.09
44,2020,10.96
45,1968,8.55
45,1969,8.11
45,1970,8.67
45,1971,8.3
45,1972,9.9
45,1973,9.32
45,1974,8.39
45,1975,7.69
45,1976,10.0
45,1977,9.39
45,1978,8.73
45,1979,10.33
45,1980,9.73
45,1981,9.53
45,1982,8.98
45,1983,8.7
45,1984,8.34
45,1985,8.05
45,1986,7.91
45,1987,7.63
45,1988,7.32
45,1989,6.99
45,1990,6.63
45,1991,7.22
45,1992,7.84
45,1993,7.61
45,1994,7.42
45,1995,7.21
45,1996,7.01
45,1997,7.66
45,1998,8.17
45,1999,8.0
45,2000,7.74
45,2001,7.52
45,2002,7.4
45,2003,7.24
45,2004,7.05
45,2005,6.82
45,2006,6.61
45,2007,6.42
45,2008,7.03
45,2009,7.9
45,2010,8.6
45,2011,8.34
45,2012,8.17
45,2013,8.05
45,2014,7.92
45,2015,7.91
45,2016,7.81
45,2017,7.65
45,2018,7.47
45,2019,7.34
45,2020,7.25
46,1968,11.89
46,1969,11.28
46,1970,10.67
46,1971,10.22
46,1972,9.9
46,1973,9.32
46,1974,8.39
46,1975,7.69
46,1976,10.0
46,1977,9.39
46,1978,8.73
46,1979,10.33
46,1980,9.73
46,1981,9.53
46,1982,8.98
46,1983,8.7
46,1984,8.34
46,1985,8.05
46,1986,7.91
46,1987,7.63
46,1988,7.32
46,1989,6.99
46,1990,6.63
46,1991,8.07
46,1992,7.84
46,1993,7.61
46,1994,7.42
46,1995,7.21
46,1996,8.08
46,1997,7.9
46,1998,8.17
46,1999,8.0
46,2000,9.76
46,2001,9.81
46,2002,9.92
46,2003,9.85
46,2004,9.8
46,2005,9.73
46,2006,9.79
46,2007,9.89
46,2008,9.7
46,2009,10.31
46,2010,10.14
46,2011,9.97
46,2012,10.18
46,2013,10.2
46,2014,10.18
46,2015,10.33
46,2016,10.21
46,2017,11.61
46,2018,11.85
46,2019,13.66
46,2020,13.5
47,1968,8.55
47,1969,8.11
47,1970,8.67
47,1971,8.3
47,1972,9.9
47,1973,9.32
47,1974,8.39
47,1975,7.69
47,1976,10.0
47,1977,9.39
47,1978,8.73
47,1979,10.33
47,1980,9.73
47,1981,9.53
47,1982,8.98
47,1983,8.7
47,1984,8.34
47,1985,8.05
47,1986,7.91
47,1987,7.63
47,1988,7.32
47,1989,6.99
47,1990,6.63
47,1991,7.22
47,1992,7.84
47,1993,7.61
47,1994,7.42
47,1995,7.21
47,1996,7.01
47,1997,7.66
47,1998,8.17
47,1999,8.0
47,2000,7.74
47,2001,7.52
47,2002,7.4
47,2003,7.24
47,2004,7.05
47,2005,6.82
47,2006,6.61
47,2007,7.3
47,2008,7.87
47,2009,8.74
47,2010,8.6
47,2011,8.34
47,2012,8.17
47,2013,8.05
47,2014,7.92
47,2015,8.73
47,2016,9.43
47,2017,9.23
47,2018,9.01
47,2019,8.85
47,2020,8.75
48,1968,9.29
48,1969,8.81
48,1970,8.67
48,1971,8.3
48,1972,9.9
48,1973,9.32
48,1974,8.39
48,1975,7.69
48,1976,10.0
48,1977,9.39
48,1978,8.73
48,1979,10.33
48,1980,9.73
48,1981,9.53
48,1982,8.98
48,1983,8.7
48,1984,8.34
48,1985,8.05
48,1986,7.91
48,1987,7.63
48,1988,7.32
48,1989,6.99
48,1990,6.63
48,1991,7.22
48,1992,7.84
48,1993,7.61
48,1994,7.42
48,1995,7.21
48,1996,7.01
48,1997,7.66
48,1998,8.17
48,1999,8.0
48,2000,7.74
48,2001,7.52
48,2002,7.4
48,2003,7.24
48,2004,7.05
48,2005,6.82
48,2006,7.31
48,2007,8.11
48,2008,7.81
48,2009,7.9
48,2010,8.6
48,2011,8.34
48,2012,8.17
48,2013,8.05
48,2014,7.92
48,2015,7.91
48,2016,7.81
48,2017,7.65
48,2018,7.47
48,2019,7.34
48,2020,7.25
49,1968,8.92
49,1969,8.46
49,1970,8.67
49,1971,8.3
49,1972,9.9
49,1973,9.32
49,1974,8.39
49,1975,7.69
49,1976,10.0
49,1977,9.39
49,1978,8.73
49,1979,10.33
49,1980,9.73
49,1981,9.53
49,1982,8.98
49,1983,8.7
49,1984,8.34
49,1985,8.05
49,1986,7.91
49,1987,7.63
49,1988,7.32
49,1989,6.99
49,1990,6.63
49,1991,7.22
49,1992,7.84
49,1993,7.61
49,1994,7.42
49,1995,7.21
49,1996,7.01
49,1997,7.66
49,1998,8.17
49,1999,8.0
49,2000,7.74
49,2001,7.52
49,2002,7.4
49,2003,7.24
49,2004,7.05
49,2005,6.82
49,2006,6.61
49,2007,6.42
49,2008,7.03
49,2009,7.9
49,2010,8.6
49,2011,8.34
49,2012,8.17
49,2013,8.05
49,2014,7.92
49,2015,7.91
49,2016,7.81
49,2017,7.65
49,2018,7.47
49,2019,7.34
49,2020,7.25
